0x3000,
0x3001,
0x3002,
0x3003,
0x3004,
0x3005,
0x3006,
0x3007,
0x3008,
0x3009,
0x300a,
0x300b,
0x300c,
0x300d,
0x300e,
0x300f,
0x3010,
0x3011,
0x3012,
0x3013,
0x3014,
0x3015,
0x3016,
0x3017,
0x3018,
0x3019,
0x301a,
0x301b,
0x301c,
0x301d,
0x301e,
0x301f,
0x3020,
0x3021,
0x3022,
0x3023,
0x3024,
0x3025,
0x3026,
0x3027,
0x3028,
0x3029,
0x302a,
0x302b,
0x302c,
0x302d,
0x302e,
0x302f,
0x3030,
0x3031,
0x3032,
0x3033,
0x3034,
0x3035,
0x3036,
0x3037,
0x3038,
0x3039,
0x303a,
0x303b,
0x303c,
0x303d,
0x303e,
0x303f,
0x3040,
0x3041,
0x3042,
0x3043,
0x3044,
0x3045,
0x3046,
0x3047,
0x3048,
0x3049,
0x304a,
0x304b,
0x304c,
0x304d,
0x304e,
0x304f,
0x3050,
0x3051,
0x3052,
0x3053,
0x3054,
0x3055,
0x3056,
0x3057,
0x3058,
0x3059,
0x305a,
0x305b,
0x305c,
0x305d,
0x305e,
0x305f,
0x3060,
0x3061,
0x3062,
0x3063,
0x3064,
0x3065,
0x3066,
0x3067,
0x3068,
0x3069,
0x306a,
0x306b,
0x306c,
0x306d,
0x306e,
0x306f,
0x3070,
0x3071,
0x3072,
0x3073,
0x3074,
0x3075,
0x3076,
0x3077,
0x3078,
0x3079,
0x307a,
0x307b,
0x307c,
0x307d,
0x307e,
0x307f,
0x3080,
0x3081,
0x3082,
0x3083,
0x3084,
0x3085,
0x3086,
0x3087,
0x3088,
0x3089,
0x308a,
0x308b,
0x308c,
0x308d,
0x308e,
0x308f,
0x3090,
0x3091,
0x3092,
0x3093,
0x3094,
0x3095,
0x3096,
0x3097,
0x3098,
0x3099,
0x309a,
0x309b,
0x309c,
0x309d,
0x309e,
0x309f,
0x30a0,
0x30a1,
0x30a2,
0x30a3,
0x30a4,
0x30a5,
0x30a6,
0x30a7,
0x30a8,
0x30a9,
0x30aa,
0x30ab,
0x30ac,
0x30ad,
0x30ae,
0x30af,
0x30b0,
0x30b1,
0x30b2,
0x30b3,
0x30b4,
0x30b5,
0x30b6,
0x30b7,
0x30b8,
0x30b9,
0x30ba,
0x30bb,
0x30bc,
0x30bd,
0x30be,
0x30bf,
0x30c0,
0x30c1,
0x30c2,
0x30c3,
0x30c4,
0x30c5,
0x30c6,
0x30c7,
0x30c8,
0x30c9,
0x30ca,
0x30cb,
0x30cc,
0x30cd,
0x30ce,
0x30cf,
0x30d0,
0x30d1,
0x30d2,
0x30d3,
0x30d4,
0x30d5,
0x30d6,
0x30d7,
0x30d8,
0x30d9,
0x30da,
0x30db,
0x30dc,
0x30dd,
0x30de,
0x30df,
0x30e0,
0x30e1,
0x30e2,
0x30e3,
0x30e4,
0x30e5,
0x30e6,
0x30e7,
0x30e8,
0x30e9,
0x30ea,
0x30eb,
0x30ec,
0x30ed,
0x30ee,
0x30ef,
0x30f0,
0x30f1,
0x30f2,
0x30f3,
0x30f4,
0x30f5,
0x30f6,
0x30f7,
0x30f8,
0x30f9,
0x30fa,
0x30fb,
0x30fc,
0x30fd,
0x30fe,
0x30ff,
0x3100,
0x3101,
0x3102,
0x3103,
0x3104,
0x3105,
0x3106,
0x3107,
0x3108,
0x3109,
0x310a,
0x310b,
0x310c,
0x310d,
0x310e,
0x310f,
0x3110,
0x3111,
0x3112,
0x3113,
0x3114,
0x3115,
0x3116,
0x3117,
0x3118,
0x3119,
0x311a,
0x311b,
0x311c,
0x311d,
0x311e,
0x311f,
0x3120,
0x3121,
0x3122,
0x3123,
0x3124,
0x3125,
0x3126,
0x3127,
0x3128,
0x3129,
0x312a,
0x312b,
0x312c,
0x312d,
0x312e,
0x312f,
0x3130,
0x3131,
0x3132,
0x3133,
0x3134,
0x3135,
0x3136,
0x3137,
0x3138,
0x3139,
0x313a,
0x313b,
0x313c,
0x313d,
0x313e,
0x313f,
0x3140,
0x3141,
0x3142,
0x3143,
0x3144,
0x3145,
0x3146,
0x3147,
0x3148,
0x3149,
0x314a,
0x314b,
0x314c,
0x314d,
0x314e,
0x314f,
0x3150,
0x3151,
0x3152,
0x3153,
0x3154,
0x3155,
0x3156,
0x3157,
0x3158,
0x3159,
0x315a,
0x315b,
0x315c,
0x315d,
0x315e,
0x315f,
0x3160,
0x3161,
0x3162,
0x3163,
0x3164,
0x3165,
0x3166,
0x3167,
0x3168,
0x3169,
0x316a,
0x316b,
0x316c,
0x316d,
0x316e,
0x316f,
0x3170,
0x3171,
0x3172,
0x3173,
0x3174,
0x3175,
0x3176,
0x3177,
0x3178,
0x3179,
0x317a,
0x317b,
0x317c,
0x317d,
0x317e,
0x317f,
0x3180,
0x3181,
0x3182,
0x3183,
0x3184,
0x3185,
0x3186,
0x3187,
0x3188,
0x3189,
0x318a,
0x318b,
0x318c,
0x318d,
0x318e,
0x318f,
0x3190,
0x3191,
0x3192,
0x3193,
0x3194,
0x3195,
0x3196,
0x3197,
0x3198,
0x3199,
0x319a,
0x319b,
0x319c,
0x319d,
0x319e,
0x319f,
0x31a0,
0x31a1,
0x31a2,
0x31a3,
0x31a4,
0x31a5,
0x31a6,
0x31a7,
0x31a8,
0x31a9,
0x31aa,
0x31ab,
0x31ac,
0x31ad,
0x31ae,
0x31af,
0x31b0,
0x31b1,
0x31b2,
0x31b3,
0x31b4,
0x31b5,
0x31b6,
0x31b7,
0x31b8,
0x31b9,
0x31ba,
0x31bb,
0x31bc,
0x31bd,
0x31be,
0x31bf,
0x31c0,
0x31c1,
0x31c2,
0x31c3,
0x31c4,
0x31c5,
0x31c6,
0x31c7,
0x31c8,
0x31c9,
0x31ca,
0x31cb,
0x31cc,
0x31cd,
0x31ce,
0x31cf,
0x31d0,
0x31d1,
0x31d2,
0x31d3,
0x31d4,
0x31d5,
0x31d6,
0x31d7,
0x31d8,
0x31d9,
0x31da,
0x31db,
0x31dc,
0x31dd,
0x31de,
0x31df,
0x31e0,
0x31e1,
0x31e2,
0x31e3,
0x31e4,
0x31e5,
0x31e6,
0x31e7,
0x31e8,
0x31e9,
0x31ea,
0x31eb,
0x31ec,
0x31ed,
0x31ee,
0x31ef,
0x31f0,
0x31f1,
0x31f2,
0x31f3,
0x31f4,
0x31f5,
0x31f6,
0x31f7,
0x31f8,
0x31f9,
0x31fa,
0x31fb,
0x31fc,
0x31fd,
0x31fe,
0x31ff,
0x3200,
0x3201,
0x3202,
0x3203,
0x3204,
0x3205,
0x3206,
0x3207,
0x3208,
0x3209,
0x320a,
0x320b,
0x320c,
0x320d,
0x320e,
0x320f,
0x3210,
0x3211,
0x3212,
0x3213,
0x3214,
0x3215,
0x3216,
0x3217,
0x3218,
0x3219,
0x321a,
0x321b,
0x321c,
0x321d,
0x321e,
0x321f,
0x3220,
0x3221,
0x3222,
0x3223,
0x3224,
0x3225,
0x3226,
0x3227,
0x3228,
0x3229,
0x322a,
0x322b,
0x322c,
0x322d,
0x322e,
0x322f,
0x3230,
0x3231,
0x3232,
0x3233,
0x3234,
0x3235,
0x3236,
0x3237,
0x3238,
0x3239,
0x323a,
0x323b,
0x323c,
0x323d,
0x323e,
0x323f,
0x3240,
0x3241,
0x3242,
0x3243,
0x3244,
0x3245,
0x3246,
0x3247,
0x3248,
0x3249,
0x324a,
0x324b,
0x324c,
0x324d,
0x324e,
0x324f,
0x3250,
0x3251,
0x3252,
0x3253,
0x3254,
0x3255,
0x3256,
0x3257,
0x3258,
0x3259,
0x325a,
0x325b,
0x325c,
0x325d,
0x325e,
0x325f,
0x3260,
0x3261,
0x3262,
0x3263,
0x3264,
0x3265,
0x3266,
0x3267,
0x3268,
0x3269,
0x326a,
0x326b,
0x326c,
0x326d,
0x326e,
0x326f,
0x3270,
0x3271,
0x3272,
0x3273,
0x3274,
0x3275,
0x3276,
0x3277,
0x3278,
0x3279,
0x327a,
0x327b,
0x327c,
0x327d,
0x327e,
0x327f,
0x3280,
0x3281,
0x3282,
0x3283,
0x3284,
0x3285,
0x3286,
0x3287,
0x3288,
0x3289,
0x328a,
0x328b,
0x328c,
0x328d,
0x328e,
0x328f,
0x3290,
0x3291,
0x3292,
0x3293,
0x3294,
0x3295,
0x3296,
0x3297,
0x3298,
0x3299,
0x329a,
0x329b,
0x329c,
0x329d,
0x329e,
0x329f,
0x32a0,
0x32a1,
0x32a2,
0x32a3,
0x32a4,
0x32a5,
0x32a6,
0x32a7,
0x32a8,
0x32a9,
0x32aa,
0x32ab,
0x32ac,
0x32ad,
0x32ae,
0x32af,
0x32b0,
0x32b1,
0x32b2,
0x32b3,
0x32b4,
0x32b5,
0x32b6,
0x32b7,
0x32b8,
0x32b9,
0x32ba,
0x32bb,
0x32bc,
0x32bd,
0x32be,
0x32bf,
0x32c0,
0x32c1,
0x32c2,
0x32c3,
0x32c4,
0x32c5,
0x32c6,
0x32c7,
0x32c8,
0x32c9,
0x32ca,
0x32cb,
0x32cc,
0x32cd,
0x32ce,
0x32cf,
0x32d0,
0x32d1,
0x32d2,
0x32d3,
0x32d4,
0x32d5,
0x32d6,
0x32d7,
0x32d8,
0x32d9,
0x32da,
0x32db,
0x32dc,
0x32dd,
0x32de,
0x32df,
0x32e0,
0x32e1,
0x32e2,
0x32e3,
0x32e4,
0x32e5,
0x32e6,
0x32e7,
0x32e8,
0x32e9,
0x32ea,
0x32eb,
0x32ec,
0x32ed,
0x32ee,
0x32ef,
0x32f0,
0x32f1,
0x32f2,
0x32f3,
0x32f4,
0x32f5,
0x32f6,
0x32f7,
0x32f8,
0x32f9,
0x32fa,
0x32fb,
0x32fc,
0x32fd,
0x32fe,
0x32ff,
0x3300,
0x3301,
0x3302,
0x3303,
0x3304,
0x3305,
0x3306,
0x3307,
0x3308,
0x3309,
0x330a,
0x330b,
0x330c,
0x330d,
0x330e,
0x330f,
0x3310,
0x3311,
0x3312,
0x3313,
0x3314,
0x3315,
0x3316,
0x3317,
0x3318,
0x3319,
0x331a,
0x331b,
0x331c,
0x331d,
0x331e,
0x331f,
0x3320,
0x3321,
0x3322,
0x3323,
0x3324,
0x3325,
0x3326,
0x3327,
0x3328,
0x3329,
0x332a,
0x332b,
0x332c,
0x332d,
0x332e,
0x332f,
0x3330,
0x3331,
0x3332,
0x3333,
0x3334,
0x3335,
0x3336,
0x3337,
0x3338,
0x3339,
0x333a,
0x333b,
0x333c,
0x333d,
0x333e,
0x333f,
0x3340,
0x3341,
0x3342,
0x3343,
0x3344,
0x3345,
0x3346,
0x3347,
0x3348,
0x3349,
0x334a,
0x334b,
0x334c,
0x334d,
0x334e,
0x334f,
0x3350,
0x3351,
0x3352,
0x3353,
0x3354,
0x3355,
0x3356,
0x3357,
0x3358,
0x3359,
0x335a,
0x335b,
0x335c,
0x335d,
0x335e,
0x335f,
0x3360,
0x3361,
0x3362,
0x3363,
0x3364,
0x3365,
0x3366,
0x3367,
0x3368,
0x3369,
0x336a,
0x336b,
0x336c,
0x336d,
0x336e,
0x336f,
0x3370,
0x3371,
0x3372,
0x3373,
0x3374,
0x3375,
0x3376,
0x3377,
0x3378,
0x3379,
0x337a,
0x337b,
0x337c,
0x337d,
0x337e,
0x337f,
0x3380,
0x3381,
0x3382,
0x3383,
0x3384,
0x3385,
0x3386,
0x3387,
0x3388,
0x3389,
0x338a,
0x338b,
0x338c,
0x338d,
0x338e,
0x338f,
0x3390,
0x3391,
0x3392,
0x3393,
0x3394,
0x3395,
0x3396,
0x3397,
0x3398,
0x3399,
0x339a,
0x339b,
0x339c,
0x339d,
0x339e,
0x339f,
0x33a0,
0x33a1,
0x33a2,
0x33a3,
0x33a4,
0x33a5,
0x33a6,
0x33a7,
0x33a8,
0x33a9,
0x33aa,
0x33ab,
0x33ac,
0x33ad,
0x33ae,
0x33af,
0x33b0,
0x33b1,
0x33b2,
0x33b3,
0x33b4,
0x33b5,
0x33b6,
0x33b7,
0x33b8,
0x33b9,
0x33ba,
0x33bb,
0x33bc,
0x33bd,
0x33be,
0x33bf,
0x33c0,
0x33c1,
0x33c2,
0x33c3,
0x33c4,
0x33c5,
0x33c6,
0x33c7,
0x33c8,
0x33c9,
0x33ca,
0x33cb,
0x33cc,
0x33cd,
0x33ce,
0x33cf,
0x33d0,
0x33d1,
0x33d2,
0x33d3,
0x33d4,
0x33d5,
0x33d6,
0x33d7,
0x33d8,
0x33d9,
0x33da,
0x33db,
0x33dc,
0x33dd,
0x33de,
0x33df,
0x33e0,
0x33e1,
0x33e2,
0x33e3,
0x33e4,
0x33e5,
0x33e6,
0x33e7,
0x33e8,
0x33e9,
0x33ea,
0x33eb,
0x33ec,
0x33ed,
0x33ee,
0x33ef,
0x33f0,
0x33f1,
0x33f2,
0x33f3,
0x33f4,
0x33f5,
0x33f6,
0x33f7,
0x33f8,
0x33f9,
0x33fa,
0x33fb,
0x33fc,
0x33fd,
0x33fe,
0x33ff,
0x3400,
0x3401,
0x3402,
0x3403,
0x3404,
0x3405,
0x3406,
0x3407,
0x3408,
0x3409,
0x340a,
0x340b,
0x340c,
0x340d,
0x340e,
0x340f,
0x3410,
0x3411,
0x3412,
0x3413,
0x3414,
0x3415,
0x3416,
0x3417,
0x3418,
0x3419,
0x341a,
0x341b,
0x341c,
0x341d,
0x341e,
0x341f,
0x3420,
0x3421,
0x3422,
0x3423,
0x3424,
0x3425,
0x3426,
0x3427,
0x3428,
0x3429,
0x342a,
0x342b,
0x342c,
0x342d,
0x342e,
0x342f,
0x3430,
0x3431,
0x3432,
0x3433,
0x3434,
0x3435,
0x3436,
0x3437,
0x3438,
0x3439,
0x343a,
0x343b,
0x343c,
0x343d,
0x343e,
0x343f,
0x3440,
0x3441,
0x3442,
0x3443,
0x3444,
0x3445,
0x3446,
0x3447,
0x3448,
0x3449,
0x344a,
0x344b,
0x344c,
0x344d,
0x344e,
0x344f,
0x3450,
0x3451,
0x3452,
0x3453,
0x3454,
0x3455,
0x3456,
0x3457,
0x3458,
0x3459,
0x345a,
0x345b,
0x345c,
0x345d,
0x345e,
0x345f,
0x3460,
0x3461,
0x3462,
0x3463,
0x3464,
0x3465,
0x3466,
0x3467,
0x3468,
0x3469,
0x346a,
0x346b,
0x346c,
0x346d,
0x346e,
0x346f,
0x3470,
0x3471,
0x3472,
0x3473,
0x3474,
0x3475,
0x3476,
0x3477,
0x3478,
0x3479,
0x347a,
0x347b,
0x347c,
0x347d,
0x347e,
0x347f,
0x3480,
0x3481,
0x3482,
0x3483,
0x3484,
0x3485,
0x3486,
0x3487,
0x3488,
0x3489,
0x348a,
0x348b,
0x348c,
0x348d,
0x348e,
0x348f,
0x3490,
0x3491,
0x3492,
0x3493,
0x3494,
0x3495,
0x3496,
0x3497,
0x3498,
0x3499,
0x349a,
0x349b,
0x349c,
0x349d,
0x349e,
0x349f,
0x34a0,
0x34a1,
0x34a2,
0x34a3,
0x34a4,
0x34a5,
0x34a6,
0x34a7,
0x34a8,
0x34a9,
0x34aa,
0x34ab,
0x34ac,
0x34ad,
0x34ae,
0x34af,
0x34b0,
0x34b1,
0x34b2,
0x34b3,
0x34b4,
0x34b5,
0x34b6,
0x34b7,
0x34b8,
0x34b9,
0x34ba,
0x34bb,
0x34bc,
0x34bd,
0x34be,
0x34bf,
0x34c0,
0x34c1,
0x34c2,
0x34c3,
0x34c4,
0x34c5,
0x34c6,
0x34c7,
0x34c8,
0x34c9,
0x34ca,
0x34cb,
0x34cc,
0x34cd,
0x34ce,
0x34cf,
0x34d0,
0x34d1,
0x34d2,
0x34d3,
0x34d4,
0x34d5,
0x34d6,
0x34d7,
0x34d8,
0x34d9,
0x34da,
0x34db,
0x34dc,
0x34dd,
0x34de,
0x34df,
0x34e0,
0x34e1,
0x34e2,
0x34e3,
0x34e4,
0x34e5,
0x34e6,
0x34e7,
0x34e8,
0x34e9,
0x34ea,
0x34eb,
0x34ec,
0x34ed,
0x34ee,
0x34ef,
0x34f0,
0x34f1,
0x34f2,
0x34f3,
0x34f4,
0x34f5,
0x34f6,
0x34f7,
0x34f8,
0x34f9,
0x34fa,
0x34fb,
0x34fc,
0x34fd,
0x34fe,
0x34ff,
0x3500,
0x3501,
0x3502,
0x3503,
0x3504,
0x3505,
0x3506,
0x3507,
0x3508,
0x3509,
0x350a,
0x350b,
0x350c,
0x350d,
0x350e,
0x350f,
0x3510,
0x3511,
0x3512,
0x3513,
0x3514,
0x3515,
0x3516,
0x3517,
0x3518,
0x3519,
0x351a,
0x351b,
0x351c,
0x351d,
0x351e,
0x351f,
0x3520,
0x3521,
0x3522,
0x3523,
0x3524,
0x3525,
0x3526,
0x3527,
0x3528,
0x3529,
0x352a,
0x352b,
0x352c,
0x352d,
0x352e,
0x352f,
0x3530,
0x3531,
0x3532,
0x3533,
0x3534,
0x3535,
0x3536,
0x3537,
0x3538,
0x3539,
0x353a,
0x353b,
0x353c,
0x353d,
0x353e,
0x353f,
0x3540,
0x3541,
0x3542,
0x3543,
0x3544,
0x3545,
0x3546,
0x3547,
0x3548,
0x3549,
0x354a,
0x354b,
0x354c,
0x354d,
0x354e,
0x354f,
0x3550,
0x3551,
0x3552,
0x3553,
0x3554,
0x3555,
0x3556,
0x3557,
0x3558,
0x3559,
0x355a,
0x355b,
0x355c,
0x355d,
0x355e,
0x355f,
0x3560,
0x3561,
0x3562,
0x3563,
0x3564,
0x3565,
0x3566,
0x3567,
0x3568,
0x3569,
0x356a,
0x356b,
0x356c,
0x356d,
0x356e,
0x356f,
0x3570,
0x3571,
0x3572,
0x3573,
0x3574,
0x3575,
0x3576,
0x3577,
0x3578,
0x3579,
0x357a,
0x357b,
0x357c,
0x357d,
0x357e,
0x357f,
0x3580,
0x3581,
0x3582,
0x3583,
0x3584,
0x3585,
0x3586,
0x3587,
0x3588,
0x3589,
0x358a,
0x358b,
0x358c,
0x358d,
0x358e,
0x358f,
0x3590,
0x3591,
0x3592,
0x3593,
0x3594,
0x3595,
0x3596,
0x3597,
0x3598,
0x3599,
0x359a,
0x359b,
0x359c,
0x359d,
0x359e,
0x359f,
0x35a0,
0x35a1,
0x35a2,
0x35a3,
0x35a4,
0x35a5,
0x35a6,
0x35a7,
0x35a8,
0x35a9,
0x35aa,
0x35ab,
0x35ac,
0x35ad,
0x35ae,
0x35af,
0x35b0,
0x35b1,
0x35b2,
0x35b3,
0x35b4,
0x35b5,
0x35b6,
0x35b7,
0x35b8,
0x35b9,
0x35ba,
0x35bb,
0x35bc,
0x35bd,
0x35be,
0x35bf,
0x35c0,
0x35c1,
0x35c2,
0x35c3,
0x35c4,
0x35c5,
0x35c6,
0x35c7,
0x35c8,
0x35c9,
0x35ca,
0x35cb,
0x35cc,
0x35cd,
0x35ce,
0x35cf,
0x35d0,
0x35d1,
0x35d2,
0x35d3,
0x35d4,
0x35d5,
0x35d6,
0x35d7,
0x35d8,
0x35d9,
0x35da,
0x35db,
0x35dc,
0x35dd,
0x35de,
0x35df,
0x35e0,
0x35e1,
0x35e2,
0x35e3,
0x35e4,
0x35e5,
0x35e6,
0x35e7,
0x35e8,
0x35e9,
0x35ea,
0x35eb,
0x35ec,
0x35ed,
0x35ee,
0x35ef,
0x35f0,
0x35f1,
0x35f2,
0x35f3,
0x35f4,
0x35f5,
0x35f6,
0x35f7,
0x35f8,
0x35f9,
0x35fa,
0x35fb,
0x35fc,
0x35fd,
0x35fe,
0x35ff,
0x3600,
0x3601,
0x3602,
0x3603,
0x3604,
0x3605,
0x3606,
0x3607,
0x3608,
0x3609,
0x360a,
0x360b,
0x360c,
0x360d,
0x360e,
0x360f,
0x3610,
0x3611,
0x3612,
0x3613,
0x3614,
0x3615,
0x3616,
0x3617,
0x3618,
0x3619,
0x361a,
0x361b,
0x361c,
0x361d,
0x361e,
0x361f,
0x3620,
0x3621,
0x3622,
0x3623,
0x3624,
0x3625,
0x3626,
0x3627,
0x3628,
0x3629,
0x362a,
0x362b,
0x362c,
0x362d,
0x362e,
0x362f,
0x3630,
0x3631,
0x3632,
0x3633,
0x3634,
0x3635,
0x3636,
0x3637,
0x3638,
0x3639,
0x363a,
0x363b,
0x363c,
0x363d,
0x363e,
0x363f,
0x3640,
0x3641,
0x3642,
0x3643,
0x3644,
0x3645,
0x3646,
0x3647,
0x3648,
0x3649,
0x364a,
0x364b,
0x364c,
0x364d,
0x364e,
0x364f,
0x3650,
0x3651,
0x3652,
0x3653,
0x3654,
0x3655,
0x3656,
0x3657,
0x3658,
0x3659,
0x365a,
0x365b,
0x365c,
0x365d,
0x365e,
0x365f,
0x3660,
0x3661,
0x3662,
0x3663,
0x3664,
0x3665,
0x3666,
0x3667,
0x3668,
0x3669,
0x366a,
0x366b,
0x366c,
0x366d,
0x366e,
0x366f,
0x3670,
0x3671,
0x3672,
0x3673,
0x3674,
0x3675,
0x3676,
0x3677,
0x3678,
0x3679,
0x367a,
0x367b,
0x367c,
0x367d,
0x367e,
0x367f,
0x3680,
0x3681,
0x3682,
0x3683,
0x3684,
0x3685,
0x3686,
0x3687,
0x3688,
0x3689,
0x368a,
0x368b,
0x368c,
0x368d,
0x368e,
0x368f,
0x3690,
0x3691,
0x3692,
0x3693,
0x3694,
0x3695,
0x3696,
0x3697,
0x3698,
0x3699,
0x369a,
0x369b,
0x369c,
0x369d,
0x369e,
0x369f,
0x36a0,
0x36a1,
0x36a2,
0x36a3,
0x36a4,
0x36a5,
0x36a6,
0x36a7,
0x36a8,
0x36a9,
0x36aa,
0x36ab,
0x36ac,
0x36ad,
0x36ae,
0x36af,
0x36b0,
0x36b1,
0x36b2,
0x36b3,
0x36b4,
0x36b5,
0x36b6,
0x36b7,
0x36b8,
0x36b9,
0x36ba,
0x36bb,
0x36bc,
0x36bd,
0x36be,
0x36bf,
0x36c0,
0x36c1,
0x36c2,
0x36c3,
0x36c4,
0x36c5,
0x36c6,
0x36c7,
0x36c8,
0x36c9,
0x36ca,
0x36cb,
0x36cc,
0x36cd,
0x36ce,
0x36cf,
0x36d0,
0x36d1,
0x36d2,
0x36d3,
0x36d4,
0x36d5,
0x36d6,
0x36d7,
0x36d8,
0x36d9,
0x36da,
0x36db,
0x36dc,
0x36dd,
0x36de,
0x36df,
0x36e0,
0x36e1,
0x36e2,
0x36e3,
0x36e4,
0x36e5,
0x36e6,
0x36e7,
0x36e8,
0x36e9,
0x36ea,
0x36eb,
0x36ec,
0x36ed,
0x36ee,
0x36ef,
0x36f0,
0x36f1,
0x36f2,
0x36f3,
0x36f4,
0x36f5,
0x36f6,
0x36f7,
0x36f8,
0x36f9,
0x36fa,
0x36fb,
0x36fc,
0x36fd,
0x36fe,
0x36ff,
0x3700,
0x3701,
0x3702,
0x3703,
0x3704,
0x3705,
0x3706,
0x3707,
0x3708,
0x3709,
0x370a,
0x370b,
0x370c,
0x370d,
0x370e,
0x370f,
0x3710,
0x3711,
0x3712,
0x3713,
0x3714,
0x3715,
0x3716,
0x3717,
0x3718,
0x3719,
0x371a,
0x371b,
0x371c,
0x371d,
0x371e,
0x371f,
0x3720,
0x3721,
0x3722,
0x3723,
0x3724,
0x3725,
0x3726,
0x3727,
0x3728,
0x3729,
0x372a,
0x372b,
0x372c,
0x372d,
0x372e,
0x372f,
0x3730,
0x3731,
0x3732,
0x3733,
0x3734,
0x3735,
0x3736,
0x3737,
0x3738,
0x3739,
0x373a,
0x373b,
0x373c,
0x373d,
0x373e,
0x373f,
0x3740,
0x3741,
0x3742,
0x3743,
0x3744,
0x3745,
0x3746,
0x3747,
0x3748,
0x3749,
0x374a,
0x374b,
0x374c,
0x374d,
0x374e,
0x374f,
0x3750,
0x3751,
0x3752,
0x3753,
0x3754,
0x3755,
0x3756,
0x3757,
0x3758,
0x3759,
0x375a,
0x375b,
0x375c,
0x375d,
0x375e,
0x375f,
0x3760,
0x3761,
0x3762,
0x3763,
0x3764,
0x3765,
0x3766,
0x3767,
0x3768,
0x3769,
0x376a,
0x376b,
0x376c,
0x376d,
0x376e,
0x376f,
0x3770,
0x3771,
0x3772,
0x3773,
0x3774,
0x3775,
0x3776,
0x3777,
0x3778,
0x3779,
0x377a,
0x377b,
0x377c,
0x377d,
0x377e,
0x377f,
0x3780,
0x3781,
0x3782,
0x3783,
0x3784,
0x3785,
0x3786,
0x3787,
0x3788,
0x3789,
0x378a,
0x378b,
0x378c,
0x378d,
0x378e,
0x378f,
0x3790,
0x3791,
0x3792,
0x3793,
0x3794,
0x3795,
0x3796,
0x3797,
0x3798,
0x3799,
0x379a,
0x379b,
0x379c,
0x379d,
0x379e,
0x379f,
0x37a0,
0x37a1,
0x37a2,
0x37a3,
0x37a4,
0x37a5,
0x37a6,
0x37a7,
0x37a8,
0x37a9,
0x37aa,
0x37ab,
0x37ac,
0x37ad,
0x37ae,
0x37af,
0x37b0,
0x37b1,
0x37b2,
0x37b3,
0x37b4,
0x37b5,
0x37b6,
0x37b7,
0x37b8,
0x37b9,
0x37ba,
0x37bb,
0x37bc,
0x37bd,
0x37be,
0x37bf,
0x37c0,
0x37c1,
0x37c2,
0x37c3,
0x37c4,
0x37c5,
0x37c6,
0x37c7,
0x37c8,
0x37c9,
0x37ca,
0x37cb,
0x37cc,
0x37cd,
0x37ce,
0x37cf,
